local_file	thread_page	forum_image_url	original_data_url
newbies-v65-sabre-001.jpg	page-1	https://proxy.imagearchive.com/0ae/0ae4046d31c6f98b6d46028198071d93.jpg	http://i.imgur.com/wz2Warp.jpg
newbies-v65-sabre-002.jpg	page-1	https://proxy.imagearchive.com/9c5/9c579b10072e6d80ec9d9b7a2acc1723.jpg	http://i.imgur.com/X28U2Xc.jpg
newbies-v65-sabre-003.jpg	page-1	https://proxy.imagearchive.com/f60/f608390d0d07ebefd17d99a4cc235cc9.jpg	http://i.imgur.com/9ffOERW.jpg
newbies-v65-sabre-004.jpg	page-1	https://proxy.imagearchive.com/d60/d60cc70f5294f2b43a722750d1082f77.jpg	http://i.imgur.com/hE2oZzF.jpg
newbies-v65-sabre-005.jpg	page-1	https://proxy.imagearchive.com/e99/e99c19f46b6cc69319957e5b74def6d0.jpg	http://i.imgur.com/8HXJhrq.jpg
newbies-v65-sabre-006.jpg	page-1	https://proxy.imagearchive.com/ed4/ed4540142e0ff0f28f9ee05ff7f79ab1.jpg	http://i.imgur.com/w4L3Cjv.jpg
newbies-v65-sabre-007.jpg	page-1	https://proxy.imagearchive.com/da6/da6c3701a669f47bf369214e28add8f1.jpg	http://i.imgur.com/3oCXlW4.jpg
newbies-v65-sabre-008.jpg	page-1	https://proxy.imagearchive.com/110/1104a9e161615a46a43dad87b377b508.jpg	http://i.imgur.com/hAQynvz.jpg
newbies-v65-sabre-009.jpg	page-1	https://proxy.imagearchive.com/172/172fa1db3288bfb35169de09499d661d.jpg	http://i.imgur.com/5IN7rDu.jpg
newbies-v65-sabre-010.jpg	page-1	https://proxy.imagearchive.com/777/77762763f8227a71da0c7ba0df71de8a.jpg	http://i.imgur.com/WBTAjHH.jpg
newbies-v65-sabre-011.jpg	page-1	https://proxy.imagearchive.com/c3f/c3fdd4574ed4096108f9df1644b922ef.jpg	http://i.imgur.com/jvrQND4.jpg
newbies-v65-sabre-012.jpg	page-1	https://proxy.imagearchive.com/7cc/7cc5ba9e79639eb6a6759405e6ca638e.jpg	http://i.imgur.com/UcvAQRp.jpg
newbies-v65-sabre-013.jpg	page-1	https://proxy.imagearchive.com/3c5/3c59f3d8d2ab66fcccbcd515aa580e6c.jpg	http://i.imgur.com/Ygu6GH3.jpg
newbies-v65-sabre-014.jpg	page-1	https://proxy.imagearchive.com/456/456c096f7f89b1b0824298cc62760e45.jpg	http://i.imgur.com/GQgjHHx.jpg
newbies-v65-sabre-015.jpg	page-1	https://proxy.imagearchive.com/8b9/8b95380a02cca9e9138dd2aacaf30ae3.jpg	http://i.imgur.com/xKzIGNN.jpg
newbies-v65-sabre-016.jpg	page-1	https://proxy.imagearchive.com/a52/a52d91d049b6151c35a2d326e2ae083f.jpg	http://i.imgur.com/9lTASIC.jpg
newbies-v65-sabre-017.jpg	page-1	https://proxy.imagearchive.com/7b6/7b6ef544a4f05971ed36d65d61ef7803.jpg	http://i.imgur.com/hbXNWU7.jpg
newbies-v65-sabre-018.jpg	page-1	https://proxy.imagearchive.com/728/728011e4676a3829b67c903e2a327db5.jpg	http://i.imgur.com/UAvZgCJ.jpg
newbies-v65-sabre-019.jpg	page-1	https://proxy.imagearchive.com/f88/f8848130f6156274620b12812e90b743.jpg	http://i.imgur.com/0jw8j76.jpg
newbies-v65-sabre-020.jpg	page-1	https://proxy.imagearchive.com/67c/67caa6df171f97740f820ce0ba53bf8b.jpg	http://i.imgur.com/cfIFles.jpg
newbies-v65-sabre-021.jpg	page-1	https://proxy.imagearchive.com/a49/a494a6b2b2dd68aaecc94780da0edea3.jpg	http://i.imgur.com/iQzyipI.jpg
newbies-v65-sabre-022.jpg	page-1	https://proxy.imagearchive.com/9c6/9c6bab9f5deafe651e75558a5b2bf775.jpg	http://i.imgur.com/Cuyu4SD.jpg
newbies-v65-sabre-023.jpg	page-1	https://proxy.imagearchive.com/653/65391234b223ec89cc970185225a9292.jpg	http://i.imgur.com/V3sjvxW.jpg
newbies-v65-sabre-024.jpg	page-1	https://proxy.imagearchive.com/f81/f81cf9fa476b3f2bee9e56e6d7ddee7b.jpg	http://i.imgur.com/T60mx8H.jpg
newbies-v65-sabre-025.jpg	page-1	https://proxy.imagearchive.com/a37/a372604f6a5a248df67853fd37c7a77d.jpg	http://i.imgur.com/EhHF712.jpg
newbies-v65-sabre-026.jpg	page-1	https://proxy.imagearchive.com/c4a/c4ac3f623eeed6693aa7e88d1a1425a9.jpg	http://i.imgur.com/bpi6PMy.jpg
newbies-v65-sabre-027.jpg	page-1	https://proxy.imagearchive.com/b65/b65c9a1d229f2559a025b927863fc9c6.jpg	http://i.imgur.com/zdYEcEf.jpg
newbies-v65-sabre-028.jpg	page-1	https://proxy.imagearchive.com/305/305557084eff9ecb80a0aed0562d5fff.jpg	http://i.imgur.com/txLJTCI.jpg
newbies-v65-sabre-029.jpg	page-1	https://proxy.imagearchive.com/7af/7af9fb5a8f60ea322a28e0d7f8053b4a.jpg	http://i.imgur.com/XHH35js.jpg
newbies-v65-sabre-030.jpg	page-1	https://proxy.imagearchive.com/da1/da1c8819ca0f944c26824829e97a74e6.jpg	http://i.imgur.com/mIKfxDO.jpg
newbies-v65-sabre-031.jpg	page-1	https://proxy.imagearchive.com/2a2/2a2d5b09e2816e7196295ffd30c3fb3b.jpg	http://i.imgur.com/hj5U0qX.jpg
newbies-v65-sabre-032.jpg	page-1	https://proxy.imagearchive.com/5df/5dfacad2a040bc63f7119bda92ac2bad.jpg	http://i.imgur.com/s0ZlQMW.jpg
newbies-v65-sabre-033.jpg	page-1	https://proxy.imagearchive.com/abf/abf648c9ab1b1cb9dc652cb8b90f67f3.jpg	http://i.imgur.com/wMJ1AW1.jpg
newbies-v65-sabre-034.jpg	page-1	https://proxy.imagearchive.com/6f1/6f10bf4c7080e05cbd8f050ee33141e8.jpg	http://i.imgur.com/9t1oD7B.jpg
newbies-v65-sabre-035.jpg	page-1	https://proxy.imagearchive.com/6ea/6ea08e64d486e08a6ad1f88711fda266.jpg	http://i.imgur.com/xHoYmBh.jpg
newbies-v65-sabre-036.jpg	page-2	https://proxy.imagearchive.com/151/151458dc00d6b7266b5c27b5c6344ec6.jpg	http://i.imgur.com/8wHK5lZ.jpg
newbies-v65-sabre-037.jpg	page-2	https://proxy.imagearchive.com/12e/12e95102a1de65e3c172b05feced8df9.jpg	http://i.imgur.com/SUN03IO.jpg
newbies-v65-sabre-038.jpg	page-2	https://proxy.imagearchive.com/cf2/cf2c1c6ce0592264172ac1424aa2a041.jpg	http://i.imgur.com/MUhe2ds.jpg
newbies-v65-sabre-039.jpg	page-2	https://proxy.imagearchive.com/3f9/3f9ccb95fa6847c6653a7bf86cb63434.jpg	http://i.imgur.com/piDHfu4.jpg
newbies-v65-sabre-040.jpg	page-2	https://proxy.imagearchive.com/8fb/8fb82d7dff53dcb85baddf67fef21f44.jpg	http://i.imgur.com/HlWHrnO.jpg
newbies-v65-sabre-041.jpg	page-2	https://proxy.imagearchive.com/61a/61abc0809810f9f156933afdbe821e36.jpg	http://i.imgur.com/UatmNXx.jpg
newbies-v65-sabre-042.jpg	page-2	https://proxy.imagearchive.com/ff1/ff17f3a9e28e6cbedee6b700807f30e0.jpg	http://i.imgur.com/eMy8F9e.jpg
newbies-v65-sabre-043.jpg	page-2	https://proxy.imagearchive.com/87d/87d71c08cb2153bcfe61f78765de4cd8.jpg	http://i.imgur.com/695f7Ls.jpg
newbies-v65-sabre-044.jpg	page-2	https://proxy.imagearchive.com/0a9/0a9901be0f0158529365a8a31944b9c3.jpg	http://i.imgur.com/wy7rD9x.jpg
newbies-v65-sabre-045.jpg	page-2	https://proxy.imagearchive.com/da9/da9025a887e91e1631d58156a8032d63.jpg	http://i.imgur.com/oJgG8EB.jpg
newbies-v65-sabre-046.jpg	page-2	https://proxy.imagearchive.com/e2b/e2b46c4a1b0bfd239919af2a1b9f3780.jpg	http://i.imgur.com/cm1eUVn.jpg
newbies-v65-sabre-047.jpg	page-2	https://proxy.imagearchive.com/539/5396042dd23e63f0cb604a7c34a0a666.jpg	http://i.imgur.com/s0csTbA.jpg
newbies-v65-sabre-048.jpg	page-2	https://proxy.imagearchive.com/8f8/8f808f0d7909719fcc901fc600d6d71d.jpg	http://i.imgur.com/XNm8U8d.jpg
newbies-v65-sabre-049.jpg	page-2	https://proxy.imagearchive.com/78c/78cd5d30af59de555239d685b102e84f.jpg	http://i.imgur.com/TZxqD2y.jpg
newbies-v65-sabre-050.jpg	page-2	https://proxy.imagearchive.com/28e/28ea3ace06230665b8d51081bc83f31f.jpg	http://i.imgur.com/UGnKMtY.jpg
newbies-v65-sabre-051.jpg	page-2	https://proxy.imagearchive.com/461/4616871923f7d1ba89c082fa23ab34bf.jpg	http://i.imgur.com/iFEi06E.jpg
newbies-v65-sabre-052.jpg	page-2	https://proxy.imagearchive.com/dd2/dd21f5e9d0439c8111f2cab9e5b01e8b.jpg	http://i.imgur.com/VqcVBiI.jpg
newbies-v65-sabre-053.jpg	page-2	https://proxy.imagearchive.com/a9d/a9dde6b5413295a05a20c3c0069567fa.jpg	http://i.imgur.com/cEYOaLT.jpg
newbies-v65-sabre-054.jpg	page-2	https://proxy.imagearchive.com/fb7/fb7ac30ea1c3c697a8961ed574ea9bca.jpg	http://i.imgur.com/obsrdcW.jpg
newbies-v65-sabre-055.jpg	page-2	https://proxy.imagearchive.com/9a6/9a636c6fb4c6259046acf0b258c4e64b.jpg	http://i.imgur.com/4u4ZpiZ.jpg
newbies-v65-sabre-056.jpg	page-2	https://proxy.imagearchive.com/f9b/f9b55909a4a92afb42bfdc5bcdc38f2f.jpg	http://i.imgur.com/9mEykEs.jpg
newbies-v65-sabre-057.jpg	page-2	https://proxy.imagearchive.com/6b0/6b0465c54823540fac13904b7f0cc3bf.jpg	http://i.imgur.com/SLvU3Id.jpg
newbies-v65-sabre-058.jpg	page-2	https://proxy.imagearchive.com/739/73952337a7559104abde9dccd07a962d.jpg	http://i.imgur.com/txMAVUC.jpg
newbies-v65-sabre-059.jpg	page-2	https://proxy.imagearchive.com/67b/67be831c731f74aae3910c42fe9f33a2.jpg	http://i.imgur.com/F8n1ajJ.jpg
newbies-v65-sabre-060.jpg	page-2	https://proxy.imagearchive.com/dea/deac4fa013004195341d913a55c7c20a.jpg	http://i.imgur.com/wKFpOG9.jpg
newbies-v65-sabre-061.jpg	page-2	https://proxy.imagearchive.com/46a/46a281721d6919d1d8832a58ae2928c7.jpg	http://i.imgur.com/V3iOkuj.jpg
newbies-v65-sabre-062.jpg	page-2	https://proxy.imagearchive.com/2d7/2d71a51018023158b6141f5b20daef82.jpg	http://i.imgur.com/ZWrzEgU.jpg
newbies-v65-sabre-063.jpg	page-2	https://proxy.imagearchive.com/b97/b9798a427b84245de24745939e9cf1e4.jpg	http://i.imgur.com/mDq4Abm.jpg
newbies-v65-sabre-064.jpg	page-2	https://proxy.imagearchive.com/662/662342040327dd5ecc11bec186d91ede.jpg	http://i.imgur.com/LRPO8eC.jpg
newbies-v65-sabre-065.jpg	page-2	https://proxy.imagearchive.com/340/3404a6af1c0b0ceebddd9f89fff63f6f.jpg	http://i.imgur.com/02Nrs2O.jpg
newbies-v65-sabre-066.jpg	page-2	https://proxy.imagearchive.com/415/415f9ccc9fee448f4b0d465e9e787e9d.jpg	http://i.imgur.com/lUcTw8O.jpg
newbies-v65-sabre-067.jpg	page-2	https://proxy.imagearchive.com/e14/e14522e27dc61f20335569a7583f923b.jpg	http://i.imgur.com/rUjTQRi.jpg
newbies-v65-sabre-068.jpg	page-2	https://proxy.imagearchive.com/c2e/c2e0dbac5d6bb59af871095d97a81b3f.jpg	http://i.imgur.com/DYUzRl5.jpg
newbies-v65-sabre-069.jpg	page-3	https://proxy.imagearchive.com/6a9/6a922d9f46cf485c4f3b810498c036be.jpg	http://i.imgur.com/3R4ywPz.jpg
newbies-v65-sabre-070.jpg	page-3	https://proxy.imagearchive.com/96b/96b187d2ceeb8fccbbfa033068b39f74.jpg	http://i.imgur.com/rGEixVO.jpg
newbies-v65-sabre-071.jpg	page-3	https://proxy.imagearchive.com/7ed/7ed39f8cd4f2806743caa9aefc290208.jpg	http://i.imgur.com/iuFspXI.jpg
newbies-v65-sabre-072.jpg	page-3	https://proxy.imagearchive.com/986/9867a09e2523ec6de44462fe249fbc20.jpg	http://i.imgur.com/Ur8FkMY.jpg
newbies-v65-sabre-073.jpg	page-3	https://proxy.imagearchive.com/5de/5dea6b980330cb739144e53ff3817735.jpg	http://i.imgur.com/N55jL9D.jpg
newbies-v65-sabre-074.jpg	page-3	https://proxy.imagearchive.com/1a6/1a662324f29a1c36b2f7d444c5eaee4f.jpg	http://i.imgur.com/G6ackXd.jpg
newbies-v65-sabre-075.jpg	page-3	https://proxy.imagearchive.com/39b/39b1e1ceeaa2253155bd628d13fbd8e5.jpg	http://i.imgur.com/gxNW5xb.jpg
newbies-v65-sabre-076.jpg	page-3	https://proxy.imagearchive.com/041/0411d0f1ab1116305e8e7da3f208b722.jpg	http://i.imgur.com/J5RnvIA.jpg
newbies-v65-sabre-077.jpg	page-3	https://proxy.imagearchive.com/9fa/9fac112390cae1cc4afa19b5a2a1e960.jpg	http://i.imgur.com/Z0HycRC.jpg
newbies-v65-sabre-078.jpg	page-3	https://proxy.imagearchive.com/617/617c5abc1e0d66abae2bf9eba3db4439.jpg	http://i.imgur.com/mNJUSQ7.jpg
newbies-v65-sabre-079.jpg	page-3	https://proxy.imagearchive.com/a52/a52655562d4b020bbcb6753777c357ee.jpg	http://i.imgur.com/a3pBu0q.jpg
newbies-v65-sabre-080.jpg	page-3	https://proxy.imagearchive.com/032/0326e28ba5266d51042c5602c12bc19d.jpg	http://i.imgur.com/VlbQyd3.jpg
newbies-v65-sabre-081.jpg	page-3	https://proxy.imagearchive.com/20a/20ad9a4060e2a494fdccf2ab19303a2c.jpg	http://i.imgur.com/PDl7tfR.jpg
newbies-v65-sabre-082.jpg	page-3	https://proxy.imagearchive.com/ee2/ee2c6b40288b426a653947bc1982ecab.jpg	http://i.imgur.com/IHWvTmK.jpg
newbies-v65-sabre-083.jpg	page-3	https://proxy.imagearchive.com/1d1/1d1b19859092f92047b078c6226480d1.jpg	http://i.imgur.com/e8kvJFp.jpg
newbies-v65-sabre-084.jpg	page-3	https://proxy.imagearchive.com/7d2/7d272d8bc46f2a4c5b3f679fc4b6b513.jpg	http://i.imgur.com/BFhiqo4.jpg
newbies-v65-sabre-085.jpg	page-3	https://proxy.imagearchive.com/d55/d55e6143dc589e8644d4a04a07fdead3.jpg	http://i.imgur.com/P80EcB3.jpg
newbies-v65-sabre-086.jpg	page-3	https://proxy.imagearchive.com/e7e/e7e21da21d013c0b7dde9d9cc31e6add.jpg	http://i.imgur.com/Wi3t8fg.jpg
newbies-v65-sabre-087.jpg	page-3	https://proxy.imagearchive.com/fbd/fbd65ce39ce0a068fd0cdab02769f6ac.jpg	http://i.imgur.com/ClYw8LW.jpg
newbies-v65-sabre-088.jpg	page-3	https://proxy.imagearchive.com/e14/e14f5f6656ce2c09732c42000ad39a86.jpg	http://i.imgur.com/u4Qgg4F.jpg
newbies-v65-sabre-089.jpg	page-3	https://proxy.imagearchive.com/80c/80c77af8f08ce9993db9b3902837e45f.jpg	http://i.imgur.com/6uldvuN.jpg
newbies-v65-sabre-090.jpg	page-3	https://proxy.imagearchive.com/f20/f20355544a6eeb8d9d531bd23ebcfc98.jpg	http://i.imgur.com/W6w1MSa.jpg
newbies-v65-sabre-091.jpg	page-3	https://proxy.imagearchive.com/45e/45ee1f973a658be5d313bd4c4f19b98e.jpg	http://i.imgur.com/X78vSLW.jpg
newbies-v65-sabre-092.jpg	page-3	https://proxy.imagearchive.com/68d/68d23999769139b0fa36317046f57721.jpg	http://i.imgur.com/6Ocsbbd.jpg
newbies-v65-sabre-093.jpg	page-3	https://proxy.imagearchive.com/385/385e535d0b7c18ff4de8d852ac7c4988.jpg	http://i.imgur.com/6bo7ggh.jpg
newbies-v65-sabre-094.jpg	page-3	https://cdn.v4musclebike.com/attachments/27/27346-553f84f96c35360ee0b35a0928acbd40.jpg?hash=KZPX2PQUpO	
newbies-v65-sabre-095.jpg	page-3	https://proxy.imagearchive.com/31f/31fa7544227a0a49e31c7f442f3968dd.jpg	http://i.imgur.com/DVWYqL6.jpg
newbies-v65-sabre-096.jpg	page-3	https://proxy.imagearchive.com/2e6/2e6c8de09d0074beee9d26ef359c768e.jpg	http://i.imgur.com/6cDjFgG.jpg
newbies-v65-sabre-097.jpg	page-3	https://proxy.imagearchive.com/0b9/0b99883df63c0bd0e75698158f0faf66.jpg	http://i.imgur.com/H38zTL8.jpg
newbies-v65-sabre-098.jpg	page-3	https://proxy.imagearchive.com/76b/76b8ea425d665e33ceba4d441ac42e9b.jpg	http://i.imgur.com/xwycFvR.jpg
newbies-v65-sabre-099.jpg	page-3	https://proxy.imagearchive.com/3ea/3ea08b715925ce7b8c15fca0e0aa1201.jpg	http://i.imgur.com/4Gd3Rta.jpg
newbies-v65-sabre-100.jpg	page-3	https://proxy.imagearchive.com/d54/d5439e20e2f25ab8edbb740d3a0a5cbf.jpg	http://i.imgur.com/KepQLEW.jpg
newbies-v65-sabre-101.jpg	page-3	https://proxy.imagearchive.com/d59/d59c0ec4bb4eb4c7ef860f67f0fd5544.jpg	http://i.imgur.com/q3XWs12.jpg
newbies-v65-sabre-102.jpg	page-4	https://proxy.imagearchive.com/ba8/ba84bbdab53f793491a4774b32323026.jpg	http://i.imgur.com/RIWygHF.jpg
newbies-v65-sabre-103.jpg	page-4	https://proxy.imagearchive.com/04b/04b7c2c0ed2a488486f76b0d1759f2c8.jpg	http://i.imgur.com/UzN4zfq.jpg
newbies-v65-sabre-104.jpg	page-4	https://proxy.imagearchive.com/0b0/0b0f5ac257de2a034160e4024739aad0.jpg	http://i.imgur.com/970CS5S.jpg
newbies-v65-sabre-105.jpg	page-4	https://proxy.imagearchive.com/3bc/3bcb718afbee4b324de2319e0a067109.jpg	http://i.imgur.com/3WMcMzo.jpg
newbies-v65-sabre-106.jpg	page-4	https://proxy.imagearchive.com/cd9/cd99ff4f804c17fbeb4a0bf2e09e328b.jpg	http://i.imgur.com/IVSzHGE.jpg
newbies-v65-sabre-107.jpg	page-4	https://proxy.imagearchive.com/d69/d69ba04d97b4e75ea6c799edb4986946.jpg	http://i.imgur.com/Fj0naOk.jpg
newbies-v65-sabre-108.jpg	page-4	https://proxy.imagearchive.com/408/40838fb2dbba67a31d5f42739f8fa920.jpg	http://i.imgur.com/ROdZRZr.jpg
newbies-v65-sabre-109.jpg	page-4	https://proxy.imagearchive.com/3f6/3f63a338f6d83c96b8eb47022650ffb7.jpg	http://i.imgur.com/8ebqSCw.jpg
newbies-v65-sabre-110.jpg	page-4	https://proxy.imagearchive.com/9ff/9ff71c8fd821a251af4c9cdcf3aaac2b.jpg	http://i.imgur.com/tzw2se9.jpg
newbies-v65-sabre-111.jpg	page-4	https://proxy.imagearchive.com/c65/c65635c765254f261390323a02602b87.jpg	http://i.imgur.com/n2IPCGA.jpg
newbies-v65-sabre-112.jpg	page-4	https://proxy.imagearchive.com/641/6410712c6a0505d1f0cdfe3306aca6e9.jpg	http://i.imgur.com/CEGIOLw.jpg
newbies-v65-sabre-113.jpg	page-4	https://proxy.imagearchive.com/dd2/dd23eefcbc2f64e936f6d211b4ba6b0a.jpg	http://i.imgur.com/kxlGqqV.jpg
newbies-v65-sabre-114.jpg	page-4	https://proxy.imagearchive.com/373/373c796a36fe2bb791b02cb6f5cc2c21.jpg	http://i.imgur.com/PCTAEVN.jpg
newbies-v65-sabre-115.jpg	page-4	https://proxy.imagearchive.com/743/743301e99ddc737e7dce0f06fd6d2c43.jpg	http://i.imgur.com/KPR9phu.jpg
newbies-v65-sabre-116.jpg	page-4	https://proxy.imagearchive.com/226/2262eabe724a7bca07d1e52af218072a.jpg	http://i.imgur.com/c2dn7Z2.jpg
newbies-v65-sabre-117.jpg	page-4	https://proxy.imagearchive.com/ba1/ba10659bfabe3b1b04394bcad9658f3a.jpg	http://i.imgur.com/juhKoMb.jpg
newbies-v65-sabre-118.jpg	page-4	https://proxy.imagearchive.com/48c/48c1815c2e750dad17e9d7c1902f72b6.jpg	http://i.imgur.com/gR0HWro.jpg
newbies-v65-sabre-119.jpg	page-4	https://proxy.imagearchive.com/223/22306c7df77f9db2c94c0db5e1e5965c.jpg	http://i.imgur.com/VXBnT8u.jpg
newbies-v65-sabre-120.jpg	page-4	https://proxy.imagearchive.com/817/8172ad6dbcffbc44dff4bc2c9de7f172.jpg	http://i.imgur.com/6Njr1Wl.jpg
newbies-v65-sabre-121.jpg	page-4	https://proxy.imagearchive.com/3d0/3d0b49348136eb3034acf0ce6656197a.jpg	http://i.imgur.com/4u30Rhk.jpg
newbies-v65-sabre-122.jpg	page-4	https://proxy.imagearchive.com/872/872a8786d0eedcc05a1e018a7be85458.jpg	http://i.imgur.com/LwK17nN.jpg
newbies-v65-sabre-123.jpg	page-4	https://proxy.imagearchive.com/42b/42b33022434b37478edbd6e0ffbc3fdf.jpg	http://i.imgur.com/HBqtFCo.jpg
newbies-v65-sabre-124.jpg	page-4	https://proxy.imagearchive.com/4ad/4ad84c23ec40d6050d7b6ff1826c05e2.jpg	http://i.imgur.com/HKtYvF7.jpg
newbies-v65-sabre-125.jpg	page-4	https://proxy.imagearchive.com/508/508eed8245d23671752f63136ed6b6ae.jpg	http://i.imgur.com/dGzpV5c.jpg
newbies-v65-sabre-126.jpg	page-4	https://proxy.imagearchive.com/15b/15b72163f3f254b74577cd8d5e2d1d50.jpg	http://i.imgur.com/G3NTgXW.jpg
newbies-v65-sabre-127.jpg	page-4	https://proxy.imagearchive.com/2e9/2e9d92be8f4a22c9c46d638b85df8b8c.jpg	http://i.imgur.com/4tYbSg4.jpg
newbies-v65-sabre-128.jpg	page-4	https://proxy.imagearchive.com/a4d/a4d5ced0fc83c066991b740032ae6e27.jpg	http://i.imgur.com/5Q4N6fY.jpg
newbies-v65-sabre-129.jpg	page-4	https://proxy.imagearchive.com/6ef/6ef70cc57293a364e25b740d2f410c9c.jpg	http://i.imgur.com/lfrqWBw.jpg
newbies-v65-sabre-130.jpg	page-4	https://proxy.imagearchive.com/cab/cab3df2d1dede583c24cddec9b5b6aa4.jpg	http://i.imgur.com/sltBb5J.jpg
newbies-v65-sabre-131.jpg	page-4	https://proxy.imagearchive.com/6f2/6f24352f51190ca4aef412da489c93cb.jpg	http://i.imgur.com/WHqATud.jpg
newbies-v65-sabre-132.jpg	page-4	https://proxy.imagearchive.com/d6a/d6a3d61f98534f396e026ccf6bb94cca.jpg	http://i.imgur.com/nnjdtoE.jpg
newbies-v65-sabre-133.jpg	page-4	https://proxy.imagearchive.com/ea1/ea1da34bd43d7c500d48fdfa053ab648.jpg	http://i.imgur.com/RbIw8Au.jpg
newbies-v65-sabre-134.jpg	page-4	https://proxy.imagearchive.com/828/828e426b27248b523236081fcd4b025b.jpg	http://i.imgur.com/PNlF4q1.jpg
newbies-v65-sabre-135.jpg	page-4	https://proxy.imagearchive.com/f91/f9193e75024445e13eee845c081b1678.jpg	http://i.imgur.com/RmtFFwC.jpg
newbies-v65-sabre-136.jpg	page-4	https://proxy.imagearchive.com/508/508a9a33a916c5eef7f83b7cb1bb3ef0.jpg	http://i.imgur.com/Pe8Y4IM.jpg
newbies-v65-sabre-137.jpg	page-4	https://proxy.imagearchive.com/51b/51b548b61ae9e806e948b964fff10163.jpg	http://i.imgur.com/0uIb9B0.jpg
newbies-v65-sabre-138.jpg	page-4	https://proxy.imagearchive.com/c09/c0987126569e8914094cf59eba22c0c8.jpg	http://i.imgur.com/bJKXBD2.jpg
newbies-v65-sabre-139.jpg	page-4	https://proxy.imagearchive.com/d65/d650e382bd7380b7b4329efda3e3402c.jpg	http://i.imgur.com/0QqFZYt.jpg
newbies-v65-sabre-140.jpg	page-4	https://proxy.imagearchive.com/8c3/8c33d14eb1e4af62ae3826c3baebbca0.jpg	http://i.imgur.com/FrhvyPl.jpg
newbies-v65-sabre-141.jpg	page-4	https://proxy.imagearchive.com/59f/59ff238ee6cb5a75650651ad33825270.jpg	http://i.imgur.com/ZKlLhuj.jpg
newbies-v65-sabre-142.jpg	page-4	https://proxy.imagearchive.com/0e4/0e40e84c84171a1568341a1096b04cc7.jpg	http://i.imgur.com/hJU4BmR.jpg
newbies-v65-sabre-143.jpg	page-4	https://proxy.imagearchive.com/f08/f086421050fd60abd04c4fc9666df5ec.jpg	http://i.imgur.com/tSao39q.jpg
newbies-v65-sabre-144.jpg	page-4	https://proxy.imagearchive.com/de9/de9be221fbb2b567867e446dcbf386db.jpg	http://i.imgur.com/oCQhqLS.jpg
newbies-v65-sabre-145.jpg	page-4	https://proxy.imagearchive.com/a25/a25518f8597c0e87d8e2aaabc5fa9fa9.jpg	http://i.imgur.com/YNyTCNt.jpg
newbies-v65-sabre-146.jpg	page-4	https://proxy.imagearchive.com/b2d/b2da52510712877ccabab72ccc9da9e7.jpg	http://i.imgur.com/YMkO9wo.jpg
newbies-v65-sabre-147.jpg	page-4	https://proxy.imagearchive.com/1ce/1ce7855ba74037517803147714a55648.jpg	http://i.imgur.com/CadRjE1.jpg
newbies-v65-sabre-148.jpg	page-4	https://proxy.imagearchive.com/26a/26ae21ee92b6f7b9b9e8b0ac4fbcf05d.jpg	http://i.imgur.com/YriBVlB.jpg
newbies-v65-sabre-149.jpg	page-4	https://proxy.imagearchive.com/55a/55acf2c3dda514eca242c9e01fe18925.jpg	http://i.imgur.com/QG78Kjb.jpg
newbies-v65-sabre-150.jpg	page-4	https://proxy.imagearchive.com/42c/42c0a2fc19f9065e7754913068eefc58.jpg	http://i.imgur.com/GNGWPkX.jpg
newbies-v65-sabre-151.jpg	page-4	https://proxy.imagearchive.com/7d8/7d873e1d1de1d45ea4b0091c87bdab11.jpg	http://i.imgur.com/uMD2rgS.jpg
newbies-v65-sabre-152.jpg	page-4	https://proxy.imagearchive.com/c14/c14c32eb7f1a3f719b770dd8872cec7a.jpg	http://i.imgur.com/dPW9sBm.jpg
newbies-v65-sabre-153.jpg	page-4	https://proxy.imagearchive.com/89d/89d0f8d05fb3122c50efa6a2dcddb612.jpg	http://i.imgur.com/CikuatJ.jpg
newbies-v65-sabre-154.jpg	page-4	https://proxy.imagearchive.com/b4a/b4a8a56bd6e79833c8d7ea8137b11e98.jpg	http://i.imgur.com/wA9h2eH.jpg
newbies-v65-sabre-155.jpg	page-4	https://proxy.imagearchive.com/e1b/e1bddfba86a0af640883471dd6537084.jpg	http://i.imgur.com/FywRKay.jpg
newbies-v65-sabre-156.jpg	page-4	https://proxy.imagearchive.com/7fc/7fcf694c83f84153b88d29038f21f73c.jpg	http://i.imgur.com/2m5ce35.jpg
newbies-v65-sabre-157.jpg	page-4	https://proxy.imagearchive.com/1ff/1ff1afac5bfbe0795aa30e3c697a9137.jpg	http://i.imgur.com/WieQonD.jpg
newbies-v65-sabre-158.jpg	page-4	https://proxy.imagearchive.com/a54/a54eecec58d0a14191a8df7f3a416c01.jpg	http://i.imgur.com/wzSx9xE.jpg
newbies-v65-sabre-159.jpg	page-4	https://proxy.imagearchive.com/6d5/6d5e55d5aff8663dc41af99bd5cdc822.jpg	http://i.imgur.com/wfWJvnJ.jpg
newbies-v65-sabre-160.jpg	page-4	https://proxy.imagearchive.com/397/397d72a3b24014a4f6605ee6180fc331.jpg	http://i.imgur.com/ZL3aYha.jpg
newbies-v65-sabre-161.jpg	page-4	https://proxy.imagearchive.com/2a5/2a57ef33d3a82520e312caee04a7d377.jpg	http://i.imgur.com/Zyf8jlp.jpg
newbies-v65-sabre-162.jpg	page-4	https://proxy.imagearchive.com/6e3/6e342389f4b4cffb3b158de3b79bd879.jpg	http://i.imgur.com/fTsrOPZ.jpg
newbies-v65-sabre-163.jpg	page-4	https://proxy.imagearchive.com/0cd/0cd9fd9cb1eb658a4eeca1026887fda3.jpg	http://i.imgur.com/wXYFlEd.jpg
newbies-v65-sabre-164.jpg	page-4	https://proxy.imagearchive.com/026/026555e4899b37ab2bc25e2727b1dc17.jpg	http://i.imgur.com/b9kRy6P.jpg
newbies-v65-sabre-165.jpg	page-4	https://proxy.imagearchive.com/f5c/f5cd90b39bfbe293ed1019589f38a0d3.jpg	http://i.imgur.com/vseiBSM.jpg
newbies-v65-sabre-166.jpg	page-4	https://proxy.imagearchive.com/e69/e69bd1bf20b9664300cf15a8c3f1e62b.jpg	http://i.imgur.com/mxM6gfN.jpg
newbies-v65-sabre-167.jpg	page-4	https://proxy.imagearchive.com/c2b/c2b8ccfba7ae7f9b14aebbd592690fb0.jpg	http://i.imgur.com/0OxRLtj.jpg
newbies-v65-sabre-168.jpg	page-4	https://proxy.imagearchive.com/26b/26bd1d399d8db7fa9ccea699512d5def.jpg	http://i.imgur.com/C5QTaCK.jpg
newbies-v65-sabre-169.jpg	page-4	https://proxy.imagearchive.com/9ad/9ad0deb6313cb1777bb59d9f2bdaef7a.jpg	http://i.imgur.com/q4GQGSP.jpg
newbies-v65-sabre-170.jpg	page-4	https://proxy.imagearchive.com/0ff/0ff20964b2082af690b83d9d9808df58.jpg	http://i.imgur.com/XJXwWY2.jpg
newbies-v65-sabre-171.jpg	page-4	https://cdn.v4musclebike.com/attachments/27/27840-e79ee72c156ae6e59e0c763059dc6e0d.jpg?hash=JMSzCGRs2L	
newbies-v65-sabre-172.jpg	page-4	https://cdn.v4musclebike.com/attachments/27/27841-864481c3ae1ce9d19b3eaaba945f4ac7.jpg?hash=mqtkjWCkpA	
newbies-v65-sabre-173.jpg	page-4	https://cdn.v4musclebike.com/attachments/27/27842-54727d203bdc0f760acb0c462a3fa82b.jpg?hash=c1VeRdsCIZ	
newbies-v65-sabre-174.jpg	page-4	https://cdn.v4musclebike.com/attachments/27/27843-2b6d3059420b1fb944a125d57823dd05.jpg?hash=zRv2IuRF3X	
newbies-v65-sabre-175.jpg	page-5	https://proxy.imagearchive.com/bea/bea578da830a830fccd6cf82c49a7d00.jpg	http://i.imgur.com/NRqLpfR.jpg
newbies-v65-sabre-176.jpg	page-5	https://proxy.imagearchive.com/724/724a46282e7e7e8675952920f8e84cd0.jpg	http://i.imgur.com/fGblpvs.jpg
newbies-v65-sabre-177.jpg	page-5	https://proxy.imagearchive.com/44d/44df67c32cd2b9be01a1fdfb01bb0f87.jpg	http://i.imgur.com/GWUoKgT.jpg
newbies-v65-sabre-178.jpg	page-5	https://proxy.imagearchive.com/18c/18c0b2531f3ffd4c174159b2723146ed.jpg	http://i.imgur.com/kRU2Cxz.jpg
newbies-v65-sabre-179.jpg	page-5	https://proxy.imagearchive.com/c52/c529094e9b3e5c97bfdad38bb7521081.jpg	http://i.imgur.com/gtUAaoB.jpg
newbies-v65-sabre-180.jpg	page-5	https://proxy.imagearchive.com/00e/00e88cd04dd21479ec6db5acc711b96e.jpg	http://i.imgur.com/0khuULo.jpg
newbies-v65-sabre-181.jpg	page-5	https://proxy.imagearchive.com/3e3/3e3a5cbeabd718b79fe762367162ca15.jpg	http://i.imgur.com/7uRGw16.jpg
newbies-v65-sabre-182.jpg	page-5	https://proxy.imagearchive.com/60f/60fe78e6366d3e80941aa4143bd4f905.jpg	http://i.imgur.com/oXlXinY.jpg
newbies-v65-sabre-183.jpg	page-5	https://proxy.imagearchive.com/cb2/cb2f2656cf72e93082ef2e819a286331.jpg	http://i.imgur.com/J3WeMk5.jpg
newbies-v65-sabre-184.jpg	page-5	https://proxy.imagearchive.com/988/988aa57211dde7a73b7b7d44fabbe8aa.jpg	http://i.imgur.com/vbnSTfj.jpg
newbies-v65-sabre-185.jpg	page-5	https://proxy.imagearchive.com/734/734fac98e16c3e631a66a081d5e5a585.jpg	http://i.imgur.com/sMmrtTl.jpg
newbies-v65-sabre-186.jpg	page-5	https://proxy.imagearchive.com/ead/ead1b28f1886e984aa60eb078caadb15.jpg	http://i.imgur.com/DAIpxUy.jpg
newbies-v65-sabre-187.jpg	page-5	https://proxy.imagearchive.com/1a2/1a20b7dcffb8bbb73ed8484d128c035b.jpg	http://i.imgur.com/z7lpwT6.jpg
newbies-v65-sabre-188.jpg	page-5	https://proxy.imagearchive.com/2ac/2ac222665dfde03e578a75175d60f243.jpg	http://i.imgur.com/qCMmJet.jpg
newbies-v65-sabre-189.jpg	page-5	https://proxy.imagearchive.com/2f6/2f6f0831395379fe282d0c5dfb2f0e45.jpg	http://i.imgur.com/VkMSCEs.jpg
newbies-v65-sabre-190.jpg	page-5	https://proxy.imagearchive.com/c3b/c3b820c3ec5da266ebd9e2e48f0d079f.jpg	http://i.imgur.com/mbuuS93.jpg
newbies-v65-sabre-191.jpg	page-5	https://proxy.imagearchive.com/b21/b216ccd80e5bf2e15241127dd802c4f2.jpg	http://i.imgur.com/JQWz1Xk.jpg
newbies-v65-sabre-192.jpg	page-5	https://proxy.imagearchive.com/7da/7daaf5cbf9a957397f32f88e103569f3.jpg	http://i.imgur.com/Ym7aXoj.jpg
newbies-v65-sabre-193.jpg	page-5	https://proxy.imagearchive.com/fad/fad60cc0dbc29e249cac7df81faaf6cb.jpg	http://i.imgur.com/LypO5oj.jpg
newbies-v65-sabre-194.jpg	page-5	https://proxy.imagearchive.com/4f0/4f0697d21ffd81375137af46e5581d43.jpg	http://i.imgur.com/ZUyuV4Z.jpg
newbies-v65-sabre-195.jpg	page-5	https://proxy.imagearchive.com/5af/5af5f33433bdf167585ed48ba1172d86.jpg	http://i.imgur.com/hsOVMG3.jpg
newbies-v65-sabre-196.jpg	page-5	https://proxy.imagearchive.com/90c/90c1899903ca1cf134a8f437e8b0e994.jpg	http://i.imgur.com/djJJHd1.jpg
newbies-v65-sabre-197.jpg	page-5	https://proxy.imagearchive.com/1c4/1c46e8dc1869ef40cd1bce63aca52773.jpg	http://i.imgur.com/NXdP0hG.jpg
newbies-v65-sabre-198.jpg	page-5	https://proxy.imagearchive.com/971/97177e307386510487a41fc9470b4329.jpg	http://i.imgur.com/SapsgEh.jpg
newbies-v65-sabre-199.jpg	page-5	https://proxy.imagearchive.com/f3b/f3b6e9b4bc558183730496aad9a80e4e.jpg	http://i.imgur.com/9CcS4Xw.jpg
newbies-v65-sabre-200.jpg	page-5	https://cdn.v4musclebike.com/attachments/28/28020-a009de974d9920c73de46f12746914f9.jpg?hash=iU95ZKLyfl	
newbies-v65-sabre-201.jpg	page-5	https://proxy.imagearchive.com/e9a/e9acf0e15366247317e31d0a1ff6a9d7.jpg	http://i.imgur.com/SssKqE7.jpg
newbies-v65-sabre-202.jpg	page-5	https://proxy.imagearchive.com/d0e/d0e84f2d5ae40ecc74a92b5eea222f54.jpg	http://i.imgur.com/oEwCStO.jpg
newbies-v65-sabre-203.jpg	page-5	https://proxy.imagearchive.com/911/91110d94a3eb0afbc19f6e02dd6d6d34.jpg	http://i.imgur.com/PgvYCt5.jpg
newbies-v65-sabre-204.jpg	page-5	https://proxy.imagearchive.com/768/768bfa8721ed94001b8baaf687e65226.jpg	http://i.imgur.com/uO26eQc.jpg
newbies-v65-sabre-205.jpg	page-5	https://proxy.imagearchive.com/ea3/ea318da14eb994a3f79ba6047e436401.jpg	http://i.imgur.com/G9MYxGi.jpg
newbies-v65-sabre-206.jpg	page-5	https://proxy.imagearchive.com/d74/d74f9f8a9340ecde18c472b8520f5e93.jpg	http://i.imgur.com/64ciGk7.jpg
newbies-v65-sabre-207.jpg	page-5	https://proxy.imagearchive.com/250/250763488a0871116cb711df9ab83c58.jpg	http://i.imgur.com/J5ODbIo.jpg
newbies-v65-sabre-208.jpg	page-5	https://proxy.imagearchive.com/fd9/fd9ecfd7348b453c7243abe8bfed1b68.jpg	http://i.imgur.com/d9gmp2v.jpg
newbies-v65-sabre-209.jpg	page-5	https://proxy.imagearchive.com/b7a/b7aca53efcc139ffdcc69afce4f0eb38.jpg	http://i.imgur.com/xVp5HoL.jpg
newbies-v65-sabre-210.jpg	page-5	https://proxy.imagearchive.com/4a9/4a9bdf46d8d0d3c65cd60fae95184c2c.jpg	http://i.imgur.com/MEXt1lv.jpg
newbies-v65-sabre-211.jpg	page-5	https://proxy.imagearchive.com/8db/8db17a3738c65e0656834c22854bc00d.jpg	http://i.imgur.com/a1ijA3F.jpg
newbies-v65-sabre-212.jpg	page-5	https://proxy.imagearchive.com/d3e/d3efe688fe4215fd3a357787e56a1378.jpg	http://i.imgur.com/P5w09uv.jpg
newbies-v65-sabre-213.jpg	page-5	https://proxy.imagearchive.com/cfd/cfd4852518b696cd3dccb4b6000ce56f.jpg	http://i.imgur.com/S3NdG5f.jpg
newbies-v65-sabre-214.jpg	page-5	https://proxy.imagearchive.com/1f6/1f63c6c9fc5581344cfa95966bec2a10.jpg	http://i.imgur.com/sV5CIIj.jpg
newbies-v65-sabre-215.jpg	page-5	https://proxy.imagearchive.com/177/17725fbac15fce852b5adb28a50e9e0f.jpg	http://i.imgur.com/qDsvxia.jpg
newbies-v65-sabre-216.jpg	page-5	https://proxy.imagearchive.com/bbc/bbc2f3649cfb830fdeb49b67fabcdc82.jpg	http://i.imgur.com/uhFZZWv.jpg
newbies-v65-sabre-217.jpg	page-5	https://proxy.imagearchive.com/d67/d6774a571026aff1014cdbbeb158b28c.jpg	http://i.imgur.com/zp6U4yb.jpg
newbies-v65-sabre-218.jpg	page-5	https://proxy.imagearchive.com/748/74847d2d0cfe49800321c729a98ebd1d.jpg	http://i.imgur.com/dQh7OZf.jpg
newbies-v65-sabre-219.jpg	page-5	https://proxy.imagearchive.com/869/86931764664f5adbde40351aaff76f4a.jpg	http://i.imgur.com/l67MW3g.jpg
newbies-v65-sabre-220.jpg	page-5	https://proxy.imagearchive.com/323/323697175a0637374436bf5060df7b2d.jpg	http://i.imgur.com/4aW2OxJ.jpg
newbies-v65-sabre-221.jpg	page-5	https://proxy.imagearchive.com/e83/e832412585f611bb2745b9aead50b723.jpg	http://i.imgur.com/5SahXUT.jpg
newbies-v65-sabre-222.jpg	page-5	https://proxy.imagearchive.com/96c/96c60481ff7c2e83e7939bfc3a5f51dc.jpg	http://i.imgur.com/rnanYau.jpg
newbies-v65-sabre-223.jpg	page-5	https://proxy.imagearchive.com/ced/ced3a7149d24e899b86dff1adc8ef5d0.jpg	http://i.imgur.com/OIQEXaK.jpg
newbies-v65-sabre-224.jpg	page-5	https://proxy.imagearchive.com/ae0/ae047142e0375f7f6c5140723d8f591d.jpg	http://i.imgur.com/YxWGDyp.jpg
newbies-v65-sabre-225.jpg	page-5	https://proxy.imagearchive.com/172/1727d5811cc37f84910a1c6f7c5040d3.jpg	http://i.imgur.com/LPnlXhQ.jpg
newbies-v65-sabre-226.jpg	page-5	https://proxy.imagearchive.com/305/305731ea6883e4752fbc4e449b696f09.jpg	http://i.imgur.com/hRfxjIZ.jpg
newbies-v65-sabre-227.jpg	page-5	https://proxy.imagearchive.com/0c4/0c47de2d7c5e1543ae68a5e4e2ec78a9.jpg	http://i.imgur.com/ogcrs2N.jpg
newbies-v65-sabre-228.jpg	page-5	https://proxy.imagearchive.com/3d5/3d596b18809ec5ad1c890571d2fd1e2f.jpg	http://i.imgur.com/9OSULkp.jpg
newbies-v65-sabre-229.jpg	page-5	https://proxy.imagearchive.com/e5b/e5b7217a4ecdccfcb179c6b8447815ca.jpg	http://i.imgur.com/QpZRqGv.jpg
newbies-v65-sabre-230.jpg	page-5	https://proxy.imagearchive.com/799/7990832e4071df44874b39f2a34c9ea9.jpg	http://i.imgur.com/cCiLIBH.jpg
newbies-v65-sabre-231.jpg	page-5	https://proxy.imagearchive.com/fec/fec93ac99ccca89613efe1db6cc251fd.jpg	http://i.imgur.com/vcnZ0Oi.jpg
newbies-v65-sabre-232.jpg	page-5	https://proxy.imagearchive.com/476/47633f49a1430bd0e346257777798337.jpg	http://i.imgur.com/qnQmpBX.jpg
newbies-v65-sabre-233.jpg	page-5	https://proxy.imagearchive.com/869/869689a67d027d61f01b957942cf0f7b.jpg	http://i.imgur.com/uExgWAc.jpg
newbies-v65-sabre-234.jpg	page-5	https://proxy.imagearchive.com/b4b/b4bd432283029ba4ffd978a2e4e18d95.jpg	http://i.imgur.com/bFwKrBP.jpg
newbies-v65-sabre-235.jpg	page-5	https://proxy.imagearchive.com/089/089507a5f2ea0df3787fad239cbe1e7f.jpg	http://i.imgur.com/ZcaGT1g.jpg
newbies-v65-sabre-236.jpg	page-5	https://proxy.imagearchive.com/9d3/9d37fd1a08e14db67ff8457d9640d4f8.jpg	http://i.imgur.com/GbAmxsm.jpg
newbies-v65-sabre-237.jpg	page-6	https://proxy.imagearchive.com/09a/09aa5d6ee38daf2216d624e3e0c363c0.jpg	http://i.imgur.com/u2XJnb1.jpg
newbies-v65-sabre-238.jpg	page-6	https://proxy.imagearchive.com/f94/f94e466309d04ff177f2767087f3f162.jpg	http://i.imgur.com/a9Xbhxf.jpg
newbies-v65-sabre-239.jpg	page-6	https://proxy.imagearchive.com/2b6/2b66b2102f377a4eb61cac6350d339ac.jpg	http://i.imgur.com/EwIHXVc.jpg
newbies-v65-sabre-240.jpg	page-6	https://proxy.imagearchive.com/889/889090bbca82e5bbce6681ae4b5055f3.jpg	http://i.imgur.com/EF6Sddi.jpg
newbies-v65-sabre-241.jpg	page-6	https://proxy.imagearchive.com/384/384674736292eaa0cc39f10b66ea9c23.jpg	http://i.imgur.com/b8dlWpq.jpg
newbies-v65-sabre-242.jpg	page-6	https://proxy.imagearchive.com/ae7/ae7f6840d74b7ecceb7f162725a7c1aa.jpg	http://i.imgur.com/RssexWu.jpg
newbies-v65-sabre-243.jpg	page-6	https://proxy.imagearchive.com/d84/d847d0c666c2c732a8339d1fedda7358.jpg	http://i.imgur.com/inrbSsd.jpg
newbies-v65-sabre-244.jpg	page-6	https://proxy.imagearchive.com/c9b/c9bf057dab04692b98cd1a67dc10c2f0.jpg	http://i.imgur.com/ddOAuId.jpg
newbies-v65-sabre-245.jpg	page-6	https://proxy.imagearchive.com/e1f/e1fd0112e60109d4c3f73ec98fb543a0.jpg	http://i.imgur.com/yv2D0Qk.jpg
newbies-v65-sabre-246.jpg	page-6	https://proxy.imagearchive.com/89c/89c5f117c6129cd0e1cd3c7b5e942994.jpg	http://i.imgur.com/jvRJAQo.jpg
newbies-v65-sabre-247.jpg	page-6	https://proxy.imagearchive.com/09f/09fc90adbcda2c99fae53fd02c0a70ba.jpg	http://i.imgur.com/T7XLIPc.jpg
newbies-v65-sabre-248.jpg	page-6	https://proxy.imagearchive.com/8ad/8ad82e483d6709ac53e010146c7e851d.jpg	http://i.imgur.com/iR4doHK.jpg
newbies-v65-sabre-249.jpg	page-6	https://proxy.imagearchive.com/8ea/8ea1894ee138fca2fc3acf68ecc63f4c.jpg	http://i.imgur.com/e89Fkq9.jpg
newbies-v65-sabre-250.jpg	page-6	https://proxy.imagearchive.com/8ad/8ad741c4a8e55ab6c286da33bd9c43a6.jpg	http://i.imgur.com/isX6t0C.jpg
newbies-v65-sabre-251.jpg	page-6	https://proxy.imagearchive.com/152/15281c1549ff2857f3166d6b8cc55125.jpg	http://i.imgur.com/UKRJaHk.jpg
newbies-v65-sabre-252.jpg	page-6	https://proxy.imagearchive.com/801/801b0b20961c4f2b0c52ee85c418d0ad.jpg	http://i.imgur.com/hyEGMoq.jpg
newbies-v65-sabre-253.jpg	page-6	https://proxy.imagearchive.com/1d7/1d78f7e5db9a0fdf5e86ff74c51b35a8.jpg	http://i.imgur.com/xQFrwJB.jpg
newbies-v65-sabre-254.jpg	page-6	https://proxy.imagearchive.com/1a7/1a7d8788c29468f86369e4944c95f9aa.jpg	http://i.imgur.com/ww3WtLu.jpg
newbies-v65-sabre-255.jpg	page-6	https://proxy.imagearchive.com/963/96367845b5063ed316005faae0bb0ee0.jpg	http://i.imgur.com/WlkGGU9.jpg
newbies-v65-sabre-256.jpg	page-6	https://proxy.imagearchive.com/6ec/6ec04878df607db8daa90f0eb9e7f2df.jpg	http://i.imgur.com/UupbU41.jpg
newbies-v65-sabre-257.jpg	page-6	https://proxy.imagearchive.com/fb9/fb9e10002ce7c4b29186cea3cb53d1fa.jpg	http://i.imgur.com/b8c5bgi.jpg
newbies-v65-sabre-258.jpg	page-6	https://proxy.imagearchive.com/2cb/2cb0aa6acfb51aec02d58b4b97de90d6.jpg	http://i.imgur.com/7UHOHjD.jpg
newbies-v65-sabre-259.jpg	page-6	https://proxy.imagearchive.com/c82/c820121f363ee273a9134189441cdf25.jpg	http://i.imgur.com/RyjXT8Z.jpg
newbies-v65-sabre-260.jpg	page-6	https://proxy.imagearchive.com/062/0629ab1453beb02b90c4f32a98937ce1.jpg	http://i.imgur.com/UBCTAYM.jpg
newbies-v65-sabre-261.jpg	page-6	https://proxy.imagearchive.com/7da/7da09e950e91d2aa555febc7fae7c010.jpg	http://i.imgur.com/eHyVAyp.jpg
newbies-v65-sabre-262.jpg	page-6	https://proxy.imagearchive.com/0ca/0ca05571053bbb80262d208eadec8083.jpg	http://i.imgur.com/XYwQTxi.jpg
newbies-v65-sabre-263.jpg	page-6	https://proxy.imagearchive.com/5f1/5f1b58c607550f969f61a922104c0f78.jpg	http://i.imgur.com/1VXPDaG.jpg
newbies-v65-sabre-264.jpg	page-6	https://proxy.imagearchive.com/2b3/2b3b8270cd259a72ec8a77d90d2f57db.jpg	http://i.imgur.com/TKjYzvY.jpg
newbies-v65-sabre-265.jpg	page-6	https://proxy.imagearchive.com/e9b/e9bc0f97535baca685a08f49f086c1a4.jpg	http://i.imgur.com/B4kJURt.jpg
newbies-v65-sabre-266.jpg	page-6	https://proxy.imagearchive.com/8e7/8e78b1ebf4ed345650c5db482743df08.jpg	http://i.imgur.com/GBU59Ga.jpg
newbies-v65-sabre-267.jpg	page-6	https://proxy.imagearchive.com/d3a/d3ae38b4bbf4b8acb21d603490ef144b.jpg	http://i.imgur.com/urRyZHZ.jpg
newbies-v65-sabre-268.jpg	page-6	https://proxy.imagearchive.com/344/34403d57e1b2780063eabf74a17361a3.jpg	http://i.imgur.com/PYedOXZ.jpg
newbies-v65-sabre-269.jpg	page-6	https://proxy.imagearchive.com/36b/36b117d43b85d9d608a2a310e5f6790f.jpg	http://i.imgur.com/QTeoNh0.jpg
newbies-v65-sabre-270.jpg	page-6	https://proxy.imagearchive.com/7d0/7d00610ea4f7522d47962fa3f3c019ee.jpg	http://i.imgur.com/19aqTNE.jpg
newbies-v65-sabre-271.jpg	page-6	https://proxy.imagearchive.com/cbb/cbb9a9e1b3811a2c0f10c525bd163864.jpg	http://i.imgur.com/V6yPOsU.jpg
newbies-v65-sabre-272.jpg	page-6	https://proxy.imagearchive.com/af3/af3ef9d90d3008d97a0aa23ea3d4eb70.jpg	http://i.imgur.com/tXiHzWy.jpg
newbies-v65-sabre-273.jpg	page-6	https://proxy.imagearchive.com/338/338b286d6d18771e4dde76456f05e1fd.jpg	http://i.imgur.com/6xB1O2M.jpg
newbies-v65-sabre-274.jpg	page-6	https://proxy.imagearchive.com/04b/04b14b3db134636646a5efe9a9339c94.jpg	http://i.imgur.com/AOdIeQS.jpg
newbies-v65-sabre-275.jpg	page-6	https://proxy.imagearchive.com/aa6/aa62498e251740c935425a14bbdfad73.jpg	http://i.imgur.com/6yAAQJN.jpg
newbies-v65-sabre-276.jpg	page-6	https://proxy.imagearchive.com/25c/25c03f0dc9e3c9326745d67239e719bc.jpg	http://i.imgur.com/o6s3FvO.jpg
newbies-v65-sabre-277.jpg	page-6	https://proxy.imagearchive.com/944/944ba56939fb42fa47f48aab9e8caa02.jpg	http://i.imgur.com/Xkf2kOn.jpg
newbies-v65-sabre-278.jpg	page-6	https://proxy.imagearchive.com/b87/b87448b97a0dda6b5326502d9164959a.jpg	http://i.imgur.com/h4DusdH.jpg
newbies-v65-sabre-279.jpg	page-6	https://proxy.imagearchive.com/822/822e3a4bc9449bcb0f964d3890523089.jpg	http://i.imgur.com/olbxaQK.jpg
newbies-v65-sabre-280.jpg	page-6	https://proxy.imagearchive.com/000/0002535e1112d8c1543d5736a8d0e94f.jpg	http://i.imgur.com/O98pb3P.jpg
newbies-v65-sabre-281.jpg	page-6	https://proxy.imagearchive.com/ae2/ae2c1c8600df248ef5c3e2a81b3f8993.jpg	http://i.imgur.com/QC8tf5S.jpg
newbies-v65-sabre-282.jpg	page-6	https://proxy.imagearchive.com/402/402538490562aabcf08a4188e9d0dd81.jpg	http://i.imgur.com/tK9gU1W.jpg
newbies-v65-sabre-283.jpg	page-6	https://proxy.imagearchive.com/b0e/b0edf7296fc23ca71211fd2845ca47b2.jpg	http://i.imgur.com/esq6eH3.jpg
newbies-v65-sabre-284.jpg	page-6	https://proxy.imagearchive.com/2aa/2aa2ead294932ed9fc5376bc05892ec3.jpg	http://i.imgur.com/yW4i8G2.jpg
newbies-v65-sabre-285.jpg	page-6	https://proxy.imagearchive.com/c5e/c5ed45de8e90148d08b44dbe8c76420a.jpg	http://i.imgur.com/XoZhmXE.jpg
newbies-v65-sabre-286.jpg	page-6	https://proxy.imagearchive.com/778/778961db7a1a9895851a3dcac73b6fd4.jpg	http://i.imgur.com/WIwX93Z.jpg
newbies-v65-sabre-287.jpg	page-6	https://proxy.imagearchive.com/769/769231a2a9bdedc2a62895f2879b2465.jpg	http://i.imgur.com/cTjX9eS.jpg
newbies-v65-sabre-288.jpg	page-6	https://proxy.imagearchive.com/b6e/b6e0300e2b4b095cb7073b8fb82eb9a5.jpg	http://i.imgur.com/ZSIIdfo.jpg
newbies-v65-sabre-289.jpg	page-6	https://proxy.imagearchive.com/20c/20c9d1113f124290b42f1e76a90bd224.jpg	http://i.imgur.com/46e22ek.jpg
newbies-v65-sabre-290.jpg	page-6	https://proxy.imagearchive.com/f9a/f9af0866802ef28e33368d37eee4391a.jpg	http://i.imgur.com/FRdi5GL.jpg
newbies-v65-sabre-291.jpg	page-6	https://proxy.imagearchive.com/e98/e98e7eb1b2ab37c4be6785da17ea90d3.jpg	http://i.imgur.com/wLfprP4.jpg
newbies-v65-sabre-292.jpg	page-6	https://proxy.imagearchive.com/76b/76bb6b17a7ec0ded10a029bf9633be6c.jpg	http://i.imgur.com/HWDUMBu.jpg
newbies-v65-sabre-293.jpg	page-6	https://proxy.imagearchive.com/e5c/e5c9c91dacd6a277435b1f6605cbf37e.jpg	http://i.imgur.com/4QfSmN8.jpg
newbies-v65-sabre-294.jpg	page-6	https://proxy.imagearchive.com/883/88348aba1b09b5a7e21f98d61ed9da36.jpg	http://i.imgur.com/yNFD6Ph.jpg
newbies-v65-sabre-295.jpg	page-6	https://proxy.imagearchive.com/c29/c293f95f3b76440f231f6311fd508a36.jpg	http://i.imgur.com/x0DQvu2.jpg
newbies-v65-sabre-296.jpg	page-6	https://proxy.imagearchive.com/2da/2da5f314edc9d7fbd9fe57f3b4abea7c.jpg	http://i.imgur.com/lonacPY.jpg
newbies-v65-sabre-297.jpg	page-6	https://proxy.imagearchive.com/10d/10d18b72c8491b5c46204f2655fc95dc.jpg	http://i.imgur.com/niQp2N6.jpg
newbies-v65-sabre-298.jpg	page-6	https://proxy.imagearchive.com/892/892e7c619e67b8a5244bdbcd5727900a.jpg	http://i.imgur.com/QIScDat.jpg
newbies-v65-sabre-299.jpg	page-6	https://proxy.imagearchive.com/196/196924fc17a89480a4fa7035875d1695.jpg	http://i.imgur.com/QCyCxzE.jpg
newbies-v65-sabre-300.jpg	page-6	https://proxy.imagearchive.com/666/66641c289a4285b31eafc91e29140942.jpg	http://i.imgur.com/erDrBCT.jpg
newbies-v65-sabre-301.jpg	page-6	https://proxy.imagearchive.com/ffe/ffe4e8d5d72e99dae8c266c1c795a68b.jpg	http://i.imgur.com/Ohddj0W.jpg
newbies-v65-sabre-302.jpg	page-6	https://proxy.imagearchive.com/c96/c9692c977a66fdc901bf2952c1d2aeaa.jpg	http://i.imgur.com/Ra7tFYs.jpg
newbies-v65-sabre-303.jpg	page-6	https://proxy.imagearchive.com/732/73252883aec99b2204fbdb6cde2e1833.jpg	http://i.imgur.com/gpmjUNd.jpg
newbies-v65-sabre-304.jpg	page-6	https://proxy.imagearchive.com/c89/c89b016d8579b91258831bf7daa1a3e9.jpg	http://i.imgur.com/QTTwzsq.jpg
newbies-v65-sabre-305.jpg	page-6	https://proxy.imagearchive.com/cf1/cf14be488d9fb1fb9bf0915d02317a7e.jpg	http://i.imgur.com/nrDKEQo.jpg
newbies-v65-sabre-306.jpg	page-6	https://proxy.imagearchive.com/d4d/d4db1d7abe66542c4ec810cc81038b10.jpg	http://i.imgur.com/WxrzNva.jpg
newbies-v65-sabre-307.jpg	page-6	https://proxy.imagearchive.com/958/958a02599a0a3eb0d346d91d00a6ffa3.jpg	http://i.imgur.com/DMCdy2i.jpg
newbies-v65-sabre-308.jpg	page-6	https://proxy.imagearchive.com/fb2/fb2c2914b01c1b88fb57037636850cda.jpg	http://i.imgur.com/Eoe20xV.jpg
newbies-v65-sabre-309.jpg	page-6	https://proxy.imagearchive.com/e7c/e7c8a93d079543b67a82854c452e755e.jpg	http://i.imgur.com/KaGMuHb.jpg
newbies-v65-sabre-310.jpg	page-6	https://proxy.imagearchive.com/92e/92e814f62aae2ee5cdaf13557e09e484.jpg	http://i.imgur.com/Uuf3Rn7.jpg
newbies-v65-sabre-311.jpg	page-6	https://proxy.imagearchive.com/fed/fed24e31120755182fdc69ca2c4953fd.jpg	http://i.imgur.com/HrttvTg.jpg
newbies-v65-sabre-312.jpg	page-6	https://proxy.imagearchive.com/5e7/5e7e995c4b48938c4113ecf57c581c53.jpg	http://i.imgur.com/5hmVMDm.jpg
newbies-v65-sabre-313.jpg	page-6	https://proxy.imagearchive.com/ffb/ffb91e4aab1bd12eb6a6b02fd70ed327.jpg	http://i.imgur.com/xLWKxvV.jpg
newbies-v65-sabre-314.jpg	page-6	https://proxy.imagearchive.com/3ed/3edfa3ab7b8ac75fc8576d84f54d0cd4.jpg	http://i.imgur.com/p0SYB4N.jpg
newbies-v65-sabre-315.jpg	page-6	https://proxy.imagearchive.com/e36/e36dcf80caf0e87833b5166610b1aa7a.jpg	http://i.imgur.com/YvgUaSv.jpg
newbies-v65-sabre-316.jpg	page-6	https://proxy.imagearchive.com/5cf/5cf16343fb6b3c77be98c6c3c9072a49.jpg	http://i.imgur.com/VRMbNlc.jpg
newbies-v65-sabre-317.jpg	page-7	https://proxy.imagearchive.com/5fe/5feff8dae6e1c540c87f967bf2ed68ca.jpg	http://i.imgur.com/xCJ57sw.jpg
newbies-v65-sabre-318.jpg	page-7	https://proxy.imagearchive.com/cd3/cd36e56c1d2e86c965ddc2affccff2bd.jpg	http://i.imgur.com/J9kQkrF.jpg
newbies-v65-sabre-319.jpg	page-7	https://proxy.imagearchive.com/0d1/0d141b87c00647e4fe739ee65490b83c.jpg	http://i.imgur.com/OCHLc9W.jpg
newbies-v65-sabre-320.jpg	page-7	https://proxy.imagearchive.com/ce9/ce94e9d3272a0f3d7e93104daeef8cac.jpg	http://i.imgur.com/Kk96L5i.jpg
newbies-v65-sabre-321.jpg	page-7	https://proxy.imagearchive.com/9a1/9a1d3191e65da2d5c1e591b690faed96.jpg	http://i.imgur.com/uAHakTT.jpg
newbies-v65-sabre-322.jpg	page-7	https://proxy.imagearchive.com/8df/8df750d57ceefe39174233f3ba6f2ed0.jpg	http://i.imgur.com/xcwyYFu.jpg
newbies-v65-sabre-323.jpg	page-7	https://proxy.imagearchive.com/226/226e5568ccf2f9512f8bc023f5bb6c3e.jpg	http://i.imgur.com/CSDV1BY.jpg
newbies-v65-sabre-324.jpg	page-7	https://proxy.imagearchive.com/843/843b34a24fb22e25619569dfaaea5ba8.jpg	http://i.imgur.com/tvB1UEC.jpg
newbies-v65-sabre-325.jpg	page-7	https://proxy.imagearchive.com/54a/54a644abd0a7c48441c2b92ab3d41da8.jpg	http://i.imgur.com/Kyj6wou.jpg
newbies-v65-sabre-326.jpg	page-7	https://proxy.imagearchive.com/355/355587342ed134762457e1fb431e1c25.jpg	http://i.imgur.com/Z1SJNL5.jpg
newbies-v65-sabre-327.jpg	page-7	https://proxy.imagearchive.com/492/492f4f05d0aa7a7c9ff1175f15d3b92f.jpg	http://i.imgur.com/9QBODhF.jpg
newbies-v65-sabre-328.jpg	page-7	https://proxy.imagearchive.com/a51/a51bf62d5220fe2cb164000bba30ed44.jpg	http://i.imgur.com/EqQJscu.jpg
newbies-v65-sabre-329.jpg	page-7	https://proxy.imagearchive.com/1ed/1ed0bfae1ef2bfdf2746ce07f9261935.jpg	http://i.imgur.com/MJBWGFD.jpg
newbies-v65-sabre-330.jpg	page-7	https://proxy.imagearchive.com/3a5/3a59a5f88f1072bc2eec069aa5c0bd68.jpg	http://i.imgur.com/pEnvLS6.jpg
newbies-v65-sabre-331.jpg	page-7	https://proxy.imagearchive.com/2f1/2f12fc931d05f845b3a40d9f7e1bd7c4.jpg	http://i.imgur.com/c4eTSly.jpg
newbies-v65-sabre-332.jpg	page-7	https://proxy.imagearchive.com/be7/be75cd07d0cc7508d682fa791dae74d1.jpg	http://i.imgur.com/7K8pzd1.jpg
newbies-v65-sabre-333.jpg	page-7	https://proxy.imagearchive.com/26d/26d38b5ca0e7cd2b5b38421d8d172cfc.jpg	http://i.imgur.com/J2JKoT9.jpg
newbies-v65-sabre-334.jpg	page-7	https://proxy.imagearchive.com/cb4/cb45174ff16ec7b32f39d68146c1b728.jpg	http://i.imgur.com/eAezGNr.jpg
newbies-v65-sabre-335.jpg	page-7	https://proxy.imagearchive.com/189/189f5050436d2959e3b402e5b7bafc07.jpg	http://i.imgur.com/gtpVzfi.jpg
newbies-v65-sabre-336.jpg	page-7	https://proxy.imagearchive.com/c6b/c6b4411c9fc22c96d7447c625e123a42.jpg	http://i.imgur.com/UcEfCeg.jpg
newbies-v65-sabre-337.jpg	page-7	https://proxy.imagearchive.com/81d/81dd70c99944036831dfb84fcb4d46cb.jpg	http://i.imgur.com/So9FlWx.jpg
newbies-v65-sabre-338.jpg	page-7	https://proxy.imagearchive.com/7d8/7d82baf40b2bc07962cf45ad53f2059b.jpg	http://i.imgur.com/vHNXdLX.jpg
newbies-v65-sabre-339.jpg	page-7	https://proxy.imagearchive.com/3c9/3c9de9421d1d52b511e02355e46bdcd0.jpg	http://i.imgur.com/mElq0VQ.jpg
newbies-v65-sabre-340.jpg	page-7	https://proxy.imagearchive.com/a92/a9232cb12bb77654f5fe0fb3a666c648.jpg	http://i.imgur.com/YcpAacy.jpg
newbies-v65-sabre-341.jpg	page-7	https://proxy.imagearchive.com/36c/36c5a4017727592bb6bcf2ca8821d61d.jpg	http://i.imgur.com/OO03g9A.jpg
newbies-v65-sabre-342.jpg	page-7	https://proxy.imagearchive.com/9ba/9ba65b0926ab2cf91b23da28f3c384a2.jpg	http://i.imgur.com/ziHrvgu.jpg
newbies-v65-sabre-343.jpg	page-7	https://proxy.imagearchive.com/dd2/dd233399c09c35e8e8b30f7f6003de61.jpg	http://i.imgur.com/nROOKcB.jpg
newbies-v65-sabre-344.jpg	page-7	https://proxy.imagearchive.com/def/defd5dfa45d57b3dbbc222a000499066.jpg	http://i.imgur.com/PAalSD7.jpg
newbies-v65-sabre-345.jpg	page-7	https://proxy.imagearchive.com/d69/d69c2d6919cedc2e87f613eb1002f90d.jpg	http://i.imgur.com/LKVghYQ.jpg
newbies-v65-sabre-346.jpg	page-7	https://proxy.imagearchive.com/52d/52df328cd99e058e6c4d48894a4edd0d.jpg	http://i.imgur.com/sG8cw01.jpg
newbies-v65-sabre-347.jpg	page-7	https://proxy.imagearchive.com/3a0/3a0ea867285484a3d0af83d7cba1089b.jpg	http://i.imgur.com/LNaVhrr.jpg
newbies-v65-sabre-348.jpg	page-7	https://proxy.imagearchive.com/876/87642852234058a8d3a0793b5fdb23ce.jpg	http://i.imgur.com/93r4SaV.jpg
newbies-v65-sabre-349.jpg	page-7	https://proxy.imagearchive.com/773/7730d9bc74aec584b02a61cbeb332989.jpg	http://i.imgur.com/bkMAzxP.jpg
newbies-v65-sabre-350.jpg	page-7	https://proxy.imagearchive.com/846/84615af103df7431a235bc75e8b89483.jpg	http://i.imgur.com/xuf1cJE.jpg
newbies-v65-sabre-351.jpg	page-7	https://proxy.imagearchive.com/683/683c909a1759317f8fc1a2924aa2d3ee.jpg	http://i.imgur.com/F9zA89g.jpg
newbies-v65-sabre-352.jpg	page-7	https://proxy.imagearchive.com/8ad/8ad101c1e05e5cd69a01a4bd271fe219.jpg	http://i.imgur.com/TxsnLZS.jpg
newbies-v65-sabre-353.jpg	page-7	https://proxy.imagearchive.com/39c/39c925a19cb9ffcc80d299cdcccba9bf.jpg	http://i.imgur.com/4nF89en.jpg
newbies-v65-sabre-354.jpg	page-7	https://proxy.imagearchive.com/49d/49db3c33169c44498567db72ee37b0a8.jpg	http://i.imgur.com/dGtFSCd.jpg
newbies-v65-sabre-355.jpg	page-7	https://proxy.imagearchive.com/abc/abca1d470938e5abee53241bad9b9584.jpg	http://i.imgur.com/DHcXmwF.jpg
newbies-v65-sabre-356.jpg	page-7	https://proxy.imagearchive.com/a96/a964315970315de400582bd81744113c.jpg	http://i.imgur.com/rr0zc7X.jpg
newbies-v65-sabre-357.jpg	page-7	https://proxy.imagearchive.com/0eb/0eb94c128a28af29479a31423bcdeb0a.jpg	http://i.imgur.com/eYTsymc.jpg
newbies-v65-sabre-358.jpg	page-7	https://proxy.imagearchive.com/6a4/6a4ee5ae6830a327e4857c8dc70535ee.jpg	http://i.imgur.com/z2g818Y.jpg
newbies-v65-sabre-359.jpg	page-7	https://proxy.imagearchive.com/c31/c31313023b7b5d017a6dd177e208bcfe.jpg	http://i.imgur.com/TxRGyAU.jpg
newbies-v65-sabre-360.jpg	page-7	https://proxy.imagearchive.com/296/296bdb4618a54ab3462d4422826564c8.jpg	http://i.imgur.com/QpbigaC.jpg
newbies-v65-sabre-361.jpg	page-7	https://proxy.imagearchive.com/bc1/bc120fb1fead9c9e161be3a7052fa596.jpg	http://i.imgur.com/1zGowR1.jpg
newbies-v65-sabre-362.jpg	page-7	https://proxy.imagearchive.com/47d/47dc3172e66edaa7a0666b18e0bf86ad.jpg	http://i.imgur.com/J2F1M9h.jpg
newbies-v65-sabre-363.jpg	page-7	https://proxy.imagearchive.com/4cf/4cf3a3a3017bf8a7bab6b30617f520bc.jpg	http://i.imgur.com/prJHOHs.jpg
newbies-v65-sabre-364.jpg	page-7	https://proxy.imagearchive.com/762/762ac5392ef25d9bf44e2de102a29902.jpg	http://i.imgur.com/SfASxYj.jpg
newbies-v65-sabre-365.jpg	page-7	https://proxy.imagearchive.com/c79/c79671fc16dd239d33f57d5a6da9ebeb.jpg	http://i.imgur.com/x6OrDAn.jpg
newbies-v65-sabre-366.jpg	page-7	https://proxy.imagearchive.com/38f/38f1b3902fb0ed1cc86bb492591f27c4.jpg	http://i.imgur.com/Bebz6j5.jpg
newbies-v65-sabre-367.jpg	page-7	https://proxy.imagearchive.com/4ec/4eca61de0d3d4994193ea9d449d70823.jpg	http://i.imgur.com/aWv0KQj.jpg
newbies-v65-sabre-368.jpg	page-7	https://proxy.imagearchive.com/22b/22bd087ec90ac22f8292415eb318bf9c.jpg	http://i.imgur.com/ZGn496P.jpg
newbies-v65-sabre-369.jpg	page-8	https://proxy.imagearchive.com/d7e/d7e5ef46854f7679ff210433089f67fe.jpg	http://i.imgur.com/g79hAjw.jpg
newbies-v65-sabre-370.jpg	page-8	https://proxy.imagearchive.com/c41/c412d081edd85e52dea068f17060abdd.jpg	http://i.imgur.com/64Q9c7l.jpg
newbies-v65-sabre-371.jpg	page-8	https://proxy.imagearchive.com/160/160c2aaa0684da06dc686e2d30bc4ae8.jpg	http://i.imgur.com/GlDJXQt.jpg
newbies-v65-sabre-372.jpg	page-8	https://proxy.imagearchive.com/624/624931bfb80fd70fcf327ba01f622428.jpg	http://i.imgur.com/DBKFKRC.jpg
newbies-v65-sabre-373.jpg	page-8	https://proxy.imagearchive.com/ab6/ab6743f2bc5664f3d82779b59385a463.jpg	http://i.imgur.com/4tWH2qk.jpg
newbies-v65-sabre-374.jpg	page-8	https://proxy.imagearchive.com/9b5/9b56c812644acb894463055738158fc1.jpg	http://i.imgur.com/l7QZ9iu.jpg
newbies-v65-sabre-375.jpg	page-8	https://proxy.imagearchive.com/8e6/8e6363f2c1d2a9e7b34c5e58e487ba18.jpg	http://i.imgur.com/O6YUOmy.jpg
newbies-v65-sabre-376.jpg	page-8	https://proxy.imagearchive.com/c5f/c5fe56589eda9a3548b4cf1133bdd352.jpg	http://i.imgur.com/5yMKjtk.jpg
newbies-v65-sabre-377.jpg	page-8	https://proxy.imagearchive.com/718/7181822b4890539ba2c0eef7f153991e.jpg	http://i.imgur.com/7Ndbamj.jpg
newbies-v65-sabre-378.jpg	page-8	https://proxy.imagearchive.com/af9/af925aedb5e4d508eefe632c99b62509.jpg	http://i.imgur.com/fvErISx.jpg
newbies-v65-sabre-379.jpg	page-8	https://proxy.imagearchive.com/7ee/7ee7026410cea715478841fcab3adbca.jpg	http://i.imgur.com/vHXw0Ui.jpg
newbies-v65-sabre-380.jpg	page-8	https://proxy.imagearchive.com/dbb/dbb66fd4a61e6a2bc4bd8b228bcb0ab1.jpg	http://i.imgur.com/1Dii69A.jpg
newbies-v65-sabre-381.jpg	page-8	https://proxy.imagearchive.com/5a2/5a2adbc9b36c1480c657af487ece95ce.jpg	http://i.imgur.com/haU0kM4.jpg
newbies-v65-sabre-382.jpg	page-8	https://proxy.imagearchive.com/ffe/ffeea0a202a02b8e5b17c6579fa348d0.jpg	http://i.imgur.com/Mv7erZr.jpg
newbies-v65-sabre-383.jpg	page-8	https://proxy.imagearchive.com/ae9/ae95fd8ffb9193bcf1cd4709c8a7da53.jpg	http://i.imgur.com/zPTmUfc.jpg
newbies-v65-sabre-384.jpg	page-8	https://proxy.imagearchive.com/9bb/9bb2b0952800e8963555e3312191c30a.jpg	http://i.imgur.com/6ub2Ubl.jpg
newbies-v65-sabre-385.jpg	page-8	https://proxy.imagearchive.com/f6d/f6d65a905a973a658ab4fcfb7fc0e9d1.jpg	http://i.imgur.com/mvDPiZp.jpg
newbies-v65-sabre-386.jpg	page-8	https://proxy.imagearchive.com/99c/99cd61f96cb1c621071bbd6e4f33364f.jpg	http://i.imgur.com/WGOYinv.jpg
newbies-v65-sabre-387.jpg	page-8	https://proxy.imagearchive.com/13b/13bcb9ca24087174acdd691c8ecc5b93.jpg	http://i.imgur.com/YHMRO8g.jpg
newbies-v65-sabre-388.jpg	page-8	https://proxy.imagearchive.com/0e1/0e1f5dd0207e9991b65aa61d0e37eaa3.jpg	http://i.imgur.com/oen11GK.jpg
newbies-v65-sabre-389.jpg	page-8	https://proxy.imagearchive.com/213/2137618fc9117b8d765d9280b93b92ea.jpg	http://i.imgur.com/l7K8wju.jpg
newbies-v65-sabre-390.jpg	page-8	https://proxy.imagearchive.com/c8b/c8bdcae579c8ba6d08e6fa99c2d1bc7e.jpg	http://i.imgur.com/lLcn4El.jpg
newbies-v65-sabre-391.jpg	page-8	https://proxy.imagearchive.com/f9c/f9c24a7b4dd1a669e4968d24f2d6ef43.jpg	http://i.imgur.com/ptu40uJ.jpg
newbies-v65-sabre-392.jpg	page-8	https://proxy.imagearchive.com/b36/b364bd4e498daead0ce125dda5429984.jpg	http://i.imgur.com/bhg7J63.jpg
newbies-v65-sabre-393.jpg	page-8	https://proxy.imagearchive.com/e60/e60692548061db0d857a040b760469c2.jpg	http://i.imgur.com/iWfFIj8.jpg
newbies-v65-sabre-394.jpg	page-8	https://proxy.imagearchive.com/e19/e19fe5eaa385026e180b92f98895a859.jpg	http://i.imgur.com/5KkgIXK.jpg
newbies-v65-sabre-395.jpg	page-8	https://proxy.imagearchive.com/e0b/e0b73c768ac69b6382b1951da89f0f4e.jpg	http://i.imgur.com/NZJM9lV.jpg
newbies-v65-sabre-396.jpg	page-8	https://proxy.imagearchive.com/50c/50c8b34ac80e0bc2a0abe457247e9bee.jpg	http://i.imgur.com/6T18NQB.jpg
newbies-v65-sabre-397.jpg	page-8	https://proxy.imagearchive.com/261/2618d5ef4ff030a162f76c0e0c3e44fe.jpg	http://i.imgur.com/KGcCsPJ.jpg
newbies-v65-sabre-398.jpg	page-8	https://proxy.imagearchive.com/25d/25d1d68b765da14113b33cca951751e2.jpg	http://i.imgur.com/Na5IWAm.jpg
newbies-v65-sabre-399.jpg	page-8	https://proxy.imagearchive.com/ec3/ec33efa282a16e0fb764d89014285bf0.jpg	http://i.imgur.com/LaQj7ez.jpg
newbies-v65-sabre-400.jpg	page-8	https://proxy.imagearchive.com/816/8169ff5c2ea6b78d6915a897c29219ff.jpg	http://i.imgur.com/HiepbTh.jpg
newbies-v65-sabre-401.jpg	page-8	https://proxy.imagearchive.com/4e7/4e7862bf0523f9d83e6bdcd564ca5465.jpg	http://i.imgur.com/3fJQ8WY.jpg
newbies-v65-sabre-402.jpg	page-8	https://proxy.imagearchive.com/3f7/3f77cdcb5f59def2d98b659456115437.jpg	http://i.imgur.com/gZIHaCq.jpg
newbies-v65-sabre-403.jpg	page-8	https://proxy.imagearchive.com/ed7/ed74c383a61c5562ed9dc1fdb88e2600.jpg	http://i.imgur.com/0CBNr7L.jpg
newbies-v65-sabre-404.jpg	page-9	https://proxy.imagearchive.com/4e8/4e86a6e3dd48ac7a0763302216ecc5e7.jpg	http://i.imgur.com/dYqbzrG.jpg
newbies-v65-sabre-405.jpg	page-9	https://proxy.imagearchive.com/a9b/a9b2a918935096eb04dcc23dbcede10c.jpg	http://i.imgur.com/xRndHyq.jpg
newbies-v65-sabre-406.jpg	page-9	https://proxy.imagearchive.com/fe9/fe9accb2da878eeb8873b43b25b506b4.jpg	http://i.imgur.com/xMnn384.jpg
newbies-v65-sabre-407.jpg	page-9	https://proxy.imagearchive.com/e77/e7782f01ec32bb8f327de6a8a00bfccd.jpg	http://i.imgur.com/dk4SBLz.jpg
newbies-v65-sabre-408.jpg	page-9	https://proxy.imagearchive.com/004/004332bc07f10ace001d29942ef76709.jpg	http://i.imgur.com/E3ujTEb.jpg
newbies-v65-sabre-409.jpg	page-9	https://proxy.imagearchive.com/f66/f667b242485a1efe3b1ab1591144ec15.jpg	http://i.imgur.com/2lqR5Nc.jpg
newbies-v65-sabre-410.jpg	page-9	https://proxy.imagearchive.com/528/52867c987376afc87ae1d6cb498a5628.jpg	http://i.imgur.com/9pQsmPB.jpg
newbies-v65-sabre-411.jpg	page-9	https://proxy.imagearchive.com/fee/fee73237c5d2cbda612375fa92e98028.jpg	http://i.imgur.com/11kTrj8.jpg
newbies-v65-sabre-412.jpg	page-9	https://proxy.imagearchive.com/6cf/6cfe0eb030e526168cb774089e2d31ba.jpg	http://i.imgur.com/M10pWyX.jpg
newbies-v65-sabre-413.jpg	page-9	https://proxy.imagearchive.com/fe6/fe6295627382308b85d5adecab65fccc.jpg	http://i.imgur.com/iA0SPNm.jpg
newbies-v65-sabre-414.jpg	page-9	https://proxy.imagearchive.com/b22/b22836a06191575a12451509e3da78b2.jpg	http://i.imgur.com/hAgxmhg.jpg
newbies-v65-sabre-415.jpg	page-9	https://proxy.imagearchive.com/c93/c934903f8da8b754f2732206040e5aef.jpg	http://i.imgur.com/lpmWgig.jpg
newbies-v65-sabre-416.jpg	page-9	https://proxy.imagearchive.com/b5a/b5a82c6b92e5a3d766e0b248f3d58ab5.jpg	http://i.imgur.com/y2XhBF9.jpg
newbies-v65-sabre-417.jpg	page-9	https://proxy.imagearchive.com/a48/a484ac92c696d9a9f1e44c5d606d636b.jpg	http://i.imgur.com/opHIjxG.jpg
newbies-v65-sabre-418.jpg	page-9	https://proxy.imagearchive.com/f5e/f5e5840bab9c04626d001aaf4313c5fd.jpg	http://i.imgur.com/D9CrXX0.jpg
newbies-v65-sabre-419.jpg	page-9	https://proxy.imagearchive.com/e60/e60ff87cde2dd525aac6f331ca91478d.jpg	http://i.imgur.com/Ic6WHky.jpg
newbies-v65-sabre-420.jpg	page-9	https://proxy.imagearchive.com/1b2/1b27d8a8ca65ee9204b996d69bccf172.jpg	http://i.imgur.com/2dIsUej.jpg
newbies-v65-sabre-421.jpg	page-9	https://proxy.imagearchive.com/2ab/2ab870e07d810bfa9322e58ba27f6812.jpg	http://i.imgur.com/9shj5ay.jpg
newbies-v65-sabre-422.jpg	page-9	https://proxy.imagearchive.com/789/789f99746cdb0c70c918ce69205f4b3d.jpg	http://i.imgur.com/mlVeA2K.jpg
newbies-v65-sabre-423.jpg	page-9	https://proxy.imagearchive.com/52b/52b89875a2a97eba3e3969b89b6a259f.jpg	http://i.imgur.com/W6eg3oj.jpg
newbies-v65-sabre-424.jpg	page-9	https://proxy.imagearchive.com/d04/d04d67976e961a38c7e3d5808471d5df.jpg	http://i.imgur.com/NpqstaI.jpg
newbies-v65-sabre-425.jpg	page-9	https://proxy.imagearchive.com/6a3/6a327f132088fa2a5d603e92bb52c440.jpg	https://i.imgur.com/iBhjmuV.jpg
newbies-v65-sabre-426.jpg	page-9	https://proxy.imagearchive.com/82d/82dfad3f453d993bc6599ed6d2263931.jpg	https://i.imgur.com/e91mlXn.jpg
newbies-v65-sabre-427.jpg	page-9	https://proxy.imagearchive.com/61c/61c335c515122813d395652a550d5c9c.jpg	https://i.imgur.com/6Ehbv7s.jpg
newbies-v65-sabre-428.jpg	page-9	https://proxy.imagearchive.com/abc/abc1c63d39d3d2bf15f1abca71d0f1ad.jpg	https://i.imgur.com/VLWxBeH.jpg
newbies-v65-sabre-429.jpg	page-9	https://proxy.imagearchive.com/744/744895bea5e23cf7fb56f6d4b56138c3.jpg	https://i.imgur.com/rgXXDb4.jpg
newbies-v65-sabre-430.jpg	page-9	https://proxy.imagearchive.com/7e1/7e1147d7b73f5dfa1e08b5566121400c.jpg	https://i.imgur.com/FyeHrpo.jpg
newbies-v65-sabre-431.jpg	page-10	https://proxy.imagearchive.com/978/978c34398675a0fcdbb48581c3b13af1.jpg	https://i.imgur.com/X3a7ChU.jpg
newbies-v65-sabre-432.jpg	page-10	https://proxy.imagearchive.com/fa8/fa85b72fc833fc19b8caf9a31e93d5d2.jpg	https://i.imgur.com/cIiM0RV.jpg
newbies-v65-sabre-433.jpg	page-10	https://proxy.imagearchive.com/4d6/4d6dd0b3ca980ad8519fcb09099d39ec.jpg	https://i.imgur.com/iselP13.jpg
newbies-v65-sabre-434.jpg	page-10	https://proxy.imagearchive.com/6c9/6c9c233fd0c1fa8234bb8a12414adfab.jpg	https://i.imgur.com/5cOwBNt.jpg
newbies-v65-sabre-435.jpg	page-10	https://proxy.imagearchive.com/283/283e5fc89653a195b0b7411789150d24.jpg	https://i.imgur.com/rNXnj8G.jpg
newbies-v65-sabre-436.jpg	page-10	https://proxy.imagearchive.com/e52/e52e72a39171118405a1d4371f5f4693.jpg	https://i.imgur.com/chhfff1.jpg
newbies-v65-sabre-437.jpg	page-10	https://proxy.imagearchive.com/486/486925e14ae4e9aab752bfdd4051f112.jpg	https://i.imgur.com/ak05oTc.jpg
newbies-v65-sabre-438.jpg	page-10	https://proxy.imagearchive.com/6dd/6dde8cdffae7cd0d4202aa514c8c191d.jpg	https://i.imgur.com/l2XgwPD.jpg
newbies-v65-sabre-439.jpg	page-10	https://proxy.imagearchive.com/5f2/5f2d36d505fdf3b14395151301679b7b.jpg	https://i.imgur.com/7Rzx7NZ.jpg
newbies-v65-sabre-440.jpg	page-10	https://proxy.imagearchive.com/c92/c924144559eec570ef0387e5abbb7b11.jpg	https://i.imgur.com/0mM38cm.jpg
newbies-v65-sabre-441.jpg	page-10	https://proxy.imagearchive.com/9e2/9e2b1d7f9c412314f4153c37193fa61c.jpg	https://i.imgur.com/mP6rQKR.jpg
newbies-v65-sabre-442.jpg	page-10	https://proxy.imagearchive.com/c18/c1882a62f25adeff35a8e1886530bff9.jpg	https://i.imgur.com/a6XELoo.jpg
newbies-v65-sabre-443.jpg	page-10	https://proxy.imagearchive.com/821/821266a51e8d2130eba29a0b9db4ba3c.jpg	https://i.imgur.com/W41xtyS.jpg
newbies-v65-sabre-444.jpg	page-10	https://proxy.imagearchive.com/3b3/3b3ac928a686dc765d8146295903b4de.jpg	https://i.imgur.com/7WEy981.jpg
